Topic,Count,Name,x,y,h,s,v,label
0,7406,robot_grasp_robotic_planning_robotics_humanoid_motion_manipulation,-4.486874,10.239098,113.7,0.4438242822393499,1,1
1,7113,program_logic_check_verification_semantics_proof_calculus_type,-0.8687245,-0.22956221,194.8,0.0356734759556799,1,4
2,6268,forest_specie_climate_land_vegetation_plant_soil_change,-2.6343052,9.730988,105.1,0.4002402164713902,1,1
3,6059,social_community_network_twitter_medium_influence_news_online,-7.9646316,15.053424,117.9,0.6761386983286396,1,7
4,5886,cod_video_compression_block_motion_264_bit_hevc_rate_distortion,-4.705426,-1.0374018,192.4,0.191298431571158,1,4
5,5717,device_apparatus_method_message_user_electronic_communication_medium_mail_computer,11.646313,-2.6146064,347.3,0.4738840451414225,1,6
6,5517,fuzzy_linguistic_decision_make_interval_intuitionistic_type_set_hesitant_consensus,7.9552083,5.632572,35.3,0.386984494752409,1,0
7,5261,cardiac_image_mri_ct_left_ventricular_myocardial_aortic_heart_angiography,9.290962,10.470319,48.4,0.5557484867175538,1,5
8,5220,brain_connectivity_eeg_functional_fmri_cortex_cortical_cognitive_matter,-8.207197,13.508654,121.3,0.6275360962299315,1,7
9,5070,speech_music_audio_sound_speaker_musical_acoustic_recognition_voice,5.8741384,-3.994669,325.8,0.2820279656794771,1,2
10,4904,software_project_engineering_code_requirement_bug_development_developer_defect,-8.193154,13.813225,120.7,0.6376165293358016,1,7
11,4818,video_action_frame_temporal_recognition,8.399092,10.210614,50.6,0.5249024290031675,1,5
12,4606,optimization_evolutionary_objective_swarm_problem_algorithm_multiobjective_genetic_pareto_pso,8.454634,6.159366,36.1,0.4152902890219219,1,0
13,4372,cache_memory_parallel_mpi_parallelism_performance_processor_dram_compiler,11.792079,-6.153733,332.4,0.5280761148124622,1,6
14,4256,face_facial_recognition_expression_3d_image,8.599368,10.032417,49.4,0.524597755717224,1,5
15,4074,graph_vertex_edge_planar_minimum_span_maximum,1.5350313,-1.723322,311.7,0.091624843258012,1,2
16,4056,patient_surgery_mortality_coronary_valve_outcome_heart_artery_cardiac_congenital,10.821416,15.202595,54.6,0.7408567001913626,1,5
17,3918,xml_database_query_rdf_schema_relational_sql_xquery,-8.616827,14.196792,121.3,0.6593290106413698,1,7
18,3686,protein_structure_prediction_structural_sequence_residue_dock_binding,12.196861,10.351755,40.3,0.6351264080191398,1,5
19,3566,visualization_analytics_visualize_gi_interactive,6.1762877,-4.1758957,325.9,0.2959944213556963,1,2
20,3541,vortex_turbulent_flow_jet_reynolds_wake_velocity_turbulence_cylinder,16.748608,1.7702104,6.0,0.6686474161615544,1,9
21,3388,surface_mesh_curve_spline_subdivision_rational,7.1287775,-4.893984,325.5,0.3432981239713342,1,2
22,3346,health_care_clinical_trial_medical_reporting_review_patient_evidence_systematic,9.914981,14.616471,55.8,0.7012087093725338,1,5
23,3272,neural_network_deep_convolutional_training_cnn_cnns_dnn_segmentation,-4.6071525,9.7716875,115.2,0.4289072653500068,1,1
24,3254,delay_stability_synchronization_nonlinear_control_lyapunov_neural_chaotic_system,9.899429,-0.0012346368,-0.0,0.3930214890669732,1,6
25,3136,citation_journal_science_bibliometric_research_impact_publication_cite,6.4094496,24.30885,75.2,0.9980794432486336,1,8
26,2977,ontology_owl_semantic_web_knowledge_ontological,-8.6095705,14.208817,121.2,0.659587832761102,1,7
27,2916,signature_scheme_encryption_secure_key_security_authentication_cryptographic,-5.5900116,-0.16290373,181.7,0.2220256712837309,1,4
28,2884,le_de_une_la_et_pour_dans_en_du,11.08556,1.3965689,7.2,0.4435913887998627,1,6
29,2871,recommendation_recommender_item_user_collaborative_filter_tag,-7.934475,15.087246,117.7,0.6767677725410322,1,7
30,2768,query_search_web_retrieval_relevance_user_page_document_engine,-3.9462519,10.36159,110.8,0.4401946077717542,1,1
31,2729,der_und_die_eine_von_einer_da_auf_zu,16.108458,-0.5110395,358.2,0.6398505677664201,1,9
32,2500,conference_paper_proceeding_acm_workshop_international_symposium_committee_submission_held,6.341842,24.376564,75.4,1.0,1,8
33,2435,gene_expression_genetic_microarray_regulatory_biological_association_gwas_genome,8.402828,6.0733833,35.9,0.4116207469112995,1,0
34,2416,reality_virtual_augment_ar_vr_environment_immersive_walk,2.2024999,11.340049,79.0,0.4586292218243289,1,8
35,2369,energy_battery_power_charge_electric_electricity_consumption_demand_grid_smart,-7.210523,7.705535,133.1,0.4189712632027084,1,1
36,2323,needle_surgical_ultrasound_surgery_registration_guide_reality_guidance_augment_robotic,2.041504,11.180147,79.7,0.4512071005038885,1,8
37,2258,word_translation_embeddings_text_language_disambiguation_sense_sentence_english,-2.3608449,1.9968715,139.8,0.1227608042068366,1,4
38,2156,bayesian_inference_likelihood_mcmc_naive_model_estimator_posterior_mixture,7.8766556,6.0886927,37.7,0.3952513773200238,1,0
39,2098,covid_19_sars_pandemic_coronavirus_2020_infection,2.1977177,14.416268,81.3,0.578958950893817,1,8
40,2012,mining_pattern_itemsets_frequent_utility_rule_association_sequential,1.3808104,-12.313492,276.4,0.4919273471281492,1,2
41,1915,cluster_algorithm_subspace_mean_clustering_spectral,-3.9401486,10.8275385,110.0,0.4574465541280913,1,1
42,1874,traffic_trajectory_travel_mobility_taxi_spatio_urban_transportation_road,-11.091683,-4.487321,202.0,0.475028033768505,1,3
43,1832,biomedical_ontology_text_clinical_semantic_umls_nlp_language,-2.6173286,2.2469215,139.4,0.1369501684623692,1,4
44,1831,vehicle_driver_drive_autonomous_lane_road_traffic_car,-2.9662454,10.253832,106.1,0.4237831166412278,1,1
45,1829,polygon_polynomial_convex_point_bound_plane_log_let,1.5300136,-1.7188159,311.7,0.0913587589000064,1,2
46,1753,storage_backup_file_disperse_data_plurality_device_store_disk_volume,16.13682,-0.48215523,358.3,0.6409407410155554,1,9
47,1751,track_tracker_object_target_appearance_particle_visual_filter_occlusion,8.563544,10.133037,49.8,0.5267180254776398,1,5
48,1739,pose_estimation_3d_body_human_hand_2d_6d_shape,-6.431456,3.3806477,152.3,0.288464166708065,1,4
49,1687,para_que_la_el_en_um_una_uma_del_sistema,11.085452,1.3965999,7.2,0.4435872885093837,1,6
50,1675,compound_drug_chemical_molecular_screen_molecule_similarity_target,8.38653,6.109194,36.1,0.4119320126475237,1,0
51,1651,agent_negotiation_coordination_ma_multi_multiagent_system,-8.100779,14.019206,120.0,0.642820901676552,1,7
52,1629,privacy_private_differential_preserve_differentially_anonymization_anonymity_sensitive_data_disclosure,-7.727701,7.6521425,135.3,0.4317658681399668,1,1
53,1607,image_camera_apparatus_digital_device_processing_light_plurality,11.764229,-2.5194607,347.9,0.4776475810990204,1,6
54,1576,film_magnetic_temperature_ion_dielectric_irradiation_doped_property_zno_magnetization,20.550352,4.050414,11.1,0.8315746869431586,1,9
55,1537,carcinoma_renal_metastatic_patient_pt_sunitinib_cell_survival_mrcc_therapy,10.851804,15.432476,54.9,0.7490040290234842,1,5
56,1532,knee_bone_hip_femoral_arthroplasty_unicompartmental_cartilage_ct_femur_joint,10.263088,15.411465,56.3,0.7351137900674936,1,5
57,1505,printhead_ink_printer_inkjet_printing_nozzle_assembly_cartridge_have,12.3114395,-2.7803397,347.3,0.5010909192534627,1,6
58,1504,sensor_wireless_network_energy_lifetime_wsns_node_rout,-6.795871,7.1750827,133.4,0.3923531329906232,1,1
59,1487,prostate_men_cancer_psa_prostatectomy_radical_biopsy_risk_gleason_antigen,10.822295,15.386689,54.9,0.7468431682168287,1,5
60,1417,lithium_battery_electrolyte_ion_carbon_electrochemical_catalyst_cathode_metal,20.550526,4.0502543,11.1,0.8315802385636187,1,9
61,1373,color_image_constancy_colour_gamut_luminance_colorization_retinex,4.9376493,5.274846,46.9,0.2868531499307922,1,0
62,1358,touch_display_device_screen_input_interface_user_electronic_displayed_graphical,11.606935,-2.6264997,347.2,0.4724627633701092,1,6
63,1354,reinforcement_rl_policy_reward_learn_agent_exploration_task,-4.4559517,10.283866,113.4,0.4449632494704369,1,1
64,1332,risk_diabetes_pregnancy_95_woman_cardiovascular_patient_ci_cohort_drug,10.716746,15.26499,54.9,0.7404806953333842,1,5
65,1318,uav_drone_aerial_unmanned_uavs_vehicle_flight_autonomous,-7.2091126,7.623872,133.4,0.4165713628401166,1,1
66,1295,schedule_job_task_scheduler_time_deadline,-0.5391395,0.08714395,170.8,0.0216824141866862,1,4
67,1295,proteomics_peptide_protein_mass_spectrometry_proteome_spectrum,3.5452406,14.782235,76.5,0.6035181521963405,1,8
68,1246,context_pervasive_ubiquitous_aware_compute_mobile_awareness_environment_contextual_application,-8.175683,14.046635,120.2,0.6452548060992933,1,7
69,1245,protein_binding_domain_structure_conserve_terminal_crystal_residue_ubiquitin,12.481754,10.05459,38.9,0.6363248312355716,1,5
70,1199,emotion_affective_emotional_recognition_facial_arousal_mood_valence,5.9072003,-4.035947,325.7,0.2840355929773732,1,2
71,1198,display_light_semiconductor_oled_emit_electrode_device_substrate_layer_film,12.209344,-2.7147858,347.5,0.4965665648589794,1,6
72,1182,game_player_wager_bonus_device_award_display,11.625128,-2.6212666,347.3,0.4731215241067383,1,6
73,1172,crowdsourcing_worker_task_crowdsensing_crowdsourced_sense_incentive,-7.492826,7.8347216,133.7,0.4303995809895211,1,1
74,1170,code_decode_list_decoder_reed_error_polar_correct_solomon,-5.6861863,-0.060774777,180.6,0.2257626205621259,1,4
75,1090,fingerprint_biometric_palmprint_minutia_biometrics_authentication_match_recognition_verification,-2.302014,10.116518,102.8,0.4119072708567331,1,1
76,1060,image_retrieval_annotation_content_relevance_visual_cbir_search_query,-4.286498,10.298009,112.6,0.4428499271122309,1,1
77,1033,segmentation_mri_brain_liver_ct_image_atlas_tumor_tissue,9.184679,10.377593,48.5,0.5501947348554298,1,5
78,1032,light_shadow_illumination_reflectance_render_radiance_scatter_brdf,1.2421894,-1.432053,310.9,0.0752633808001221,1,2
79,1025,mutation_mitochondrial_mtdna_syndrome_disease_deficiency_variant_muscle_gene,10.273942,15.07463,55.7,0.724263723286081,1,5
80,1024,breeding_chickpea_genome_rice_drought_marker_pigeonpea_wheat_crop_barley,12.541788,9.996418,38.6,0.636740660230997,1,5
81,1001,saliency_salient_detection_object_visual_rgb_attention_sod_map_image,8.46573,10.187624,50.3,0.5258847669495911,1,5
82,996,oct_retinal_coherence_macular_tomography_retinopathy_diabetic_optical_fundus_glaucoma,8.931933,10.09235,48.5,0.5350641631191717,1,5
83,992,rough_set_granular_decision_approximation_attribute_granule_reduct_reducts,7.9674964,5.682994,35.5,0.3885417702385105,1,0
84,992,gan_adversarial_generative_gans_image_discriminator_generator_training_translation,-3.7847214,9.568729,111.6,0.4085288528008605,1,1
85,976,causal_causality_inference_causation_variable_pearl_observational_granger_counterfactual_effect,-8.193447,14.766651,119.0,0.6704566027115662,1,7
86,972,cell_cancer_tumor_breast_expression_resistance_inhibition_egfr,20.320667,7.3508425,19.9,0.8579224471549712,1,9
87,969,holographic_hologram_integral_image_phase_holography_3d_dimensional_fringe,-6.3399825,3.4865477,151.2,0.2872567675582871,1,4
88,966,graph_gnns_embed_network_node_gcn_neural,-4.2029686,10.167539,112.5,0.4367947529892944,1,1
89,948,auction_revenue_price_bidder_pricing_mechanism_combinatorial_truthful_valuation,-4.9109087,-6.2347436,231.8,0.3150929486384907,1,3
90,935,sentiment_opinion_aspect_polarity_word_lexicon_analysis_classification_review,-4.226159,10.172081,112.6,0.437313821049985,1,1
91,933,heat_boil_tube_transfer_flow_fin_flux_chf_cool,16.651203,1.6731876,5.7,0.6644056741029012,1,9
92,918,blur_denoising_image_deblurring_noise_deconvolution_blind_restoration,-5.9530606,3.7959495,147.5,0.2803049246358883,1,4
93,918,deformity_spinal_cervical_lumbar_patient_surgery_asd_adult_spine_sagittal,10.242315,15.386188,56.3,0.7338214060198165,1,5
94,899,mac_channel_wireless_802_mimo_throughput_protocol_interference_ieee_access,2.4077039,-5.5272346,293.5,0.2393550455692382,1,2
95,897,complexity_np_polynomial_kolmogorov_bound_boolean_low_proof_complete_reduction,-5.6594663,-0.09355161,180.9,0.2247195997219424,1,4
96,884,watermarking_watermarked_digital_embed_image_hiding_authentication_attack,2.5125248,3.335274,53.0,0.1657829864433683,1,0
97,873,vehicular_vehicle_vanets_hoc_ad_dissemination_network_privacy,-6.9662814,7.3528666,133.5,0.4021300657856022,1,1
98,864,dimensionality_reduction_manifold_sparse_subspace_embed_dictionary_learn_representation,-8.441217,-5.588881,213.5,0.4019262155606482,1,3
99,862,power_thermal_energy_voltage_temperature_consumption_dvfs_dvs_scale_chip,1.9062121,-8.295296,282.9,0.3379185990142756,1,2
100,838,game_equilibrium_player_nash_payoff_strategy_pure,-4.947856,-6.270902,231.7,0.3171284284275926,1,3
101,833,blockchain_bitcoin_contract_blockchains_smart_ethereum_iot_decentralize_transaction,2.6796632,14.6422825,79.6,0.5909741957034298,1,8
102,808,domain_adaptation_target_unsupervised_source_uda_adversarial_generalization_label,-3.813106,9.623839,111.6,0.4109779847568001,1,1
103,792,localization_indoor_position_sensor_location_wireless_radio_gps_rssi,-2.9192102,10.199566,106.0,0.4211963121433867,1,1
104,791,sequence_read_genome_alignment_assembly_dna,-5.366411,-0.38131315,184.1,0.2135913560293804,1,4
105,782,texture_segmentation_image_region_classification_invariant_rotation,-6.1785636,3.584837,149.9,0.2835963603949238,1,4
106,782,policy_access_rbac_control_authorization_role_security_abac_delegation,-8.027404,13.917488,120.0,0.6378670566612886,1,7
107,781,shape_descriptor_match_3d_correspondence_symmetry_similarity_invariant,-6.457098,3.3543804,152.5,0.2888834445831843,1,4
108,778,student_tutor_moocs_analytics_learn_course_educational,5.7113876,-3.869208,325.9,0.2738843901646288,1,2
109,755,tcp_congestion_control_traffic_bandwidth_packet_atm_fairness_flow_throughput,-4.6842875,-1.0590396,192.7,0.1906665632974316,1,4
110,752,adversarial_attack_example_perturbation_defense_robustness_box_backdoor_deep,-4.251493,10.111513,112.8,0.4354830419935679,1,1
111,751,genome_strain_sequence_draft_genus_complete_isolated_bacterium_sp_gene,12.463594,10.073886,38.9,0.6362448072754275,1,5
112,747,saccade_visual_eye_perception_stimulus_saccadic_imagery_motion_head,-8.231425,13.490592,121.4,0.627423829969442,1,7
113,736,ray_render_volume_trace_cast_interactive_traversal_hardware_volumetric_visualization,1.2909727,-1.4805917,311.1,0.0779884270788637,1,2
114,726,band_xcexbd_line_intensity_vibrational_spectrum_cm_xe2x88x921_rotational,14.761333,3.0681622,11.7,0.5985714036551691,1,9
115,725,tev_atlas_mml_collision_boson_detector_proton_pp_higgs_quark,6.124639,-7.262734,310.1,0.3771813611230036,1,2
116,725,galaxy_redshift_quasar_sky_survey_sd_sloan,14.761992,3.0526779,11.7,0.5984722248890396,1,9
117,723,stereo_depth_disparity_match_estimation_dense_map_monocular_image_pixel,-6.1591563,3.608166,149.6,0.2833972164581367,1,4
118,718,outsource_cloud_encrypt_encryption_keyword_secure_privacy_searchable_storage,-7.7542415,7.668942,135.3,0.4329839698571723,1,1
119,717,genomic_genetic_privacy_genomics_research_consent_ethical_health_medicine_biobanks,9.916959,14.609364,55.8,0.7010193254453297,1,5
120,705,peer_p2p_dht_share_gnutella_file_overlay_system_distribute,-5.0119443,-0.7313384,188.3,0.2010885907845925,1,4
121,683,epidemic_influenza_spread_outbreak_disease_surveillance_infectious,2.2543907,14.453931,81.1,0.5807796759959488,1,8
122,680,fpga_fpgas_programmable_gate_reconfigurable_hardware_architecture_digit_logic_array,11.852691,-6.214569,332.3,0.5313278886998838,1,6
123,679,haptic_tactile_haptics_feedback_virtual_force_render_vibrotactile_touch_contact,2.0612705,11.198533,79.6,0.4520665986266451,1,8
124,652,disaster_city_smart_urban_emergency_crisis_medium_social,2.3814423,14.533881,80.7,0.5847105018443532,1,8
125,648,gpu_gpus_cuda_graphic_cpu_gpgpu_parallel_memory_processing_nvidia,11.775251,-6.1368723,332.5,0.5271742036742951,1,6
126,647,spectrum_radio_cognitive_sus_sense_secondary_pu_cr_primary_channel,2.4074228,-5.527598,293.5,0.239363816231788,1,2
127,645,seismic_earthquake_stress_basin_reservoir_seismicity_attribute_shale_fault,-2.5825746,9.699752,104.9,0.3985099727947517,1,1
128,645,laser_quantum_dot_photonic_gaas_optical_fiber,12.214317,-2.696389,347.6,0.4966013379429488,1,6
129,643,label_learn_supervise_unlabeled_noisy_classification_semi,-4.0205617,10.7493105,110.5,0.4556378536833889,1,1
130,642,service_web_composition_soa_orient_business_architecture,-8.160427,13.890055,120.4,0.6395827608562032,1,7
131,636,question_answer_qa_knowledge_factoid_conversational_kbqa,-2.565022,2.194812,139.4,0.1340270971938131,1,4
132,628,super_resolution_sr_image_lr_hr_low_sisr_superresolution,-5.950058,3.7922132,147.5,0.2801246665457619,1,4
133,627,circuit_power_leakage_delay_cmos_gate_voltage_transistor_nbti,1.9069918,-8.293671,282.9,0.3378626585259034,1,2
134,619,grid_service_compute_condor_workflow_resource_middleware_ogsa,2.675367,14.889051,79.8,0.6005836057969478,1,8
135,615,handwritten_handwrite_recognition_word_character_writer_ocr_text_spot_script,-2.8913138,10.142884,105.9,0.4187283124029134,1,1
136,614,svm_vector_machine_svms_support_classification_training_kernel_margin,-3.9299767,10.880924,109.9,0.4593014887312349,1,1
137,610,query_plan_optimization_join_optimizer_execution_database_optimizers,-0.79011154,-0.15255271,190.9,0.0319479005751044,1,4
138,610,quantum_qubits_entanglement_classical_state_circuit_qc_gate_nisq,7.6200867,6.291084,39.5,0.3923085078184725,1,0
139,607,fuzzy_nonlinear_adaptive_control_backstepping_feedback_observer_system_output_unknown,9.89962,-0.0013950861,-0.0,0.3930290728860842,1,6
140,601,person_identification_reid_feature_learn_camera_discriminative_unsupervised_attention,-4.0747113,9.787772,112.6,0.4209170848996784,1,1
141,592,mir_mirna_mirnas_microrna_micrornas_expression_cancer_5p_regulation_mrna,20.320745,7.3508773,19.9,0.857925829172945,1,9
142,592,cache_proxy_web_content_server_cached_prefetching_invalidation,-5.028104,-0.72298944,188.2,0.2016760092697501,1,4
143,589,tractography_diffusion_fiber_tensor_matter_white_dti_mri,9.23584,10.420707,48.4,0.5528228089224744,1,5
144,584,net_petri_siphon_deadlock_liveness_supervisor_manufacturing_marking,-8.32797,13.623954,121.4,0.6339402275782732,1,7
145,583,bank_crisis_financial_firm_banking_capital_country_debt,5.085165,2.4150355,25.4,0.2234993026417902,1,0
146,582,process_log_event_mining_discovery_business_conformance_prom,-7.566078,13.8576,118.6,0.6268283911835751,1,7
147,578,replication_replicate_consistency_availability_distribute_copy_storage_transaction,-6.6189094,-9.090248,233.9,0.4464294188389787,1,3
148,570,rout_hoc_ad_manet_dtns_network_tolerant_delay,-6.807817,7.189992,133.4,0.3931090304610355,1,1
149,569,feature_selection_mutual_subset_classification_ensemble_unsupervised,8.421822,6.133845,36.1,0.4136407750000721,1,0
150,566,vm_virtual_virtualization_machine_vms_migration_virtualized_cloud_xen,2.7238126,14.873055,79.6,0.6003020565054259,1,8
151,565,hiv_virus_hla_viral_vaccine_cd4_infection_hcv_epitope_cd8,12.413418,10.129942,39.2,0.6361014970592536,1,5
152,558,electron_cryo_microscopy_particle_em_cryoem_resolution_reconstruction_micrographs,-6.0860863,3.6725264,148.9,0.282209583665009,1,4
153,557,reconstruction_motion_scene_3d_camera_structure_sfm_shape_correspondence,-6.4096637,3.4048398,152.0,0.2881479421418222,1,4
154,555,compression_dictionary_decompression_text_string_bitmap_data,-5.2632117,-0.48771134,185.3,0.2098522335027617,1,4
155,553,topic_model_document_lda_latent_dirichlet_word,-4.014739,10.327237,111.2,0.439898208715253,1,1
156,552,fault_circuit_test_delay_testability_sequential_stuck_scan,1.9065052,-8.293549,282.9,0.3378536095381936,1,2
157,546,hci_creativity_interaction_design_human_computer_creative_research_center_designer,6.576474,24.142227,74.8,0.993406520704332,1,8
158,541,edge_offload_fog_compute_iot_cloud_mobile_device_mec_latency,-7.2612567,7.6152153,133.6,0.4177476304722429,1,1
159,534,malware_malicious_worm_detection_botnet_botnets_ransomware_attack,-10.486444,-1.9611801,190.6,0.4235451085211281,1,3
160,530,video_stream_qoe_rate_multicast_bandwidth_transmission_wireless_allocation_quality,-4.742142,-1.0021325,191.9,0.1924277983085426,1,4
161,528,location_privacy_lb_trajectory_preserve_service_user_anonymity_mobile,-7.7080307,7.6824083,135.1,0.4320587055325898,1,1
162,521,air_flood_landslide_water_pollution_rainfall_river_gi_susceptibility_urban,-2.6171515,9.761458,105.0,0.4012311124879139,1,1
163,516,coronal_solar_observation_emission_soho_flare_eis_hinode_euv,14.761332,3.0596023,11.7,0.598502299122724,1,9
164,507,intrusion_attack_detection_id_anomaly_network_security,-10.47712,-1.948613,190.5,0.4230897317290762,1,3
165,502,complex_crystal_hydrogen_bond_diiron_chiral_synthesis_bi_metal_reaction,20.550318,4.0504804,11.2,0.8315738723533864,1,9
166,497,game_player_gameplay_educational_multiplayer,5.8010664,-3.9428031,325.8,0.2784711260231377,1,2
167,489,ideal_algebra_bck_fuzzy_implicative_bci_soft_neutrosophic,7.997973,5.6858063,35.4,0.389592146721253,1,0
168,488,apps_health_mental_mhealth_smartphone_care_mobile_schizophrenia_intervention,9.929105,14.638274,55.9,0.7022398426679686,1,5
169,487,hash_code_binary_retrieval_modal_supervise_cross_ham_deep,-4.187647,10.183838,112.4,0.4371611385980281,1,1
170,486,provenance_workflow_query_scientific_data,-8.559352,14.142023,121.2,0.6562867568967033,1,7
171,484,bandit_regret_arm_bound_online_reward_set,7.624484,6.275389,39.5,0.3920468724006669,1,0
172,474,old_adult_elderly_dementia_home_care_people_living_technology_age,9.952694,14.657983,55.8,0.7034131950010776,1,5
173,472,resin_permeability_extensional_flow_shear_mold_fiber_polymer_preform_fluid,7.104168,-4.873675,325.5,0.3420363113063682,1,2
174,471,tree_phylogenetic_phylogeny_specie_evolutionary_supertree_quartet,7.881603,6.1341376,37.9,0.3965123734086784,1,0
175,455,science_computer_education_student_teacher_curriculum_school_course,6.4187684,24.294804,75.2,0.9976346758887332,1,8
176,453,rfid_tag_reader_supply_authentication_chain_protocol_identification_radio,-7.3957076,7.779157,133.6,0.4261422367906949,1,1
177,450,calibration_camera_catadioptric_calibrate_extrinsic_parameter_stereo_radiometric_distortion,-6.259794,3.5885699,150.2,0.2864640565793487,1,4
178,446,summarization_summary_sentence_document_abstractive_extractive_rouge_text,-2.3508434,1.9881606,139.8,0.1222342955899213,1,4
179,444,neighbor_near_knn_query_search_reverse_approximate,1.3809625,-12.313064,276.4,0.491911133757596,1,2
180,437,sketch_draw_stroke_drawing_recognition_design_drawn_interface,6.1437144,-4.1596766,325.9,0.2945625001206147,1,2
181,436,fin_fish_swim_pectoral_feed_prey_locomotion_thrust,6.508431,-4.4003935,325.9,0.3119106067727488,1,2
182,433,optoacoustic_fluorescence_image_tomography_fluorescent_optical_vivo_multispectral_mesoscopy_tissue,9.23853,9.888445,46.9,0.5372643299158961,1,5
183,433,record_reproduce_medium_apparatus_reproduction_device_method_audio_disk,11.85644,-2.5649934,347.8,0.4816069175014694,1,6
184,431,transaction_concurrency_serializability_lock_database_control_multidatabase_correctness_serializable,-6.6192236,-9.091167,233.9,0.4464662567806025,1,3
185,430,polyp_colon_colonography_colonoscopy_ct_colonic_ctc_supine_aid,9.093055,9.98263,47.7,0.536096554420668,1,5
186,429,byzantine_failure_consensus_agreement_quorum_asynchronous_paxos_fault_protocol,-6.6183233,-9.086165,233.9,0.4462846854261577,1,3
187,429,trust_reputation_social_trustworthiness_peer_commerce_rating_agent_service,-7.9715724,15.028758,117.9,0.6754023460455424,1,7
188,425,flash_ssds_nand_memory_storage_write_drive_ftl_read,-5.042755,-0.70117515,187.9,0.2021306767998591,1,4
189,422,stock_market_financial_trading_price_forecasting_return_prediction,-11.130058,-4.5256414,202.1,0.4770116820279371,1,3
190,421,cloud_service_compute_resource_paas_infrastructure_deployment_provider,2.7331166,14.846617,79.6,0.5993363968295974,1,8
191,420,wave_shear_ultrasound_tissue_vibro_acoustography_elastography_elasticity_radiation,9.367077,9.777741,46.2,0.537578985281725,1,5
192,419,fluid_particle_sph_simulation_water_liquid_incompressible_boundary,6.8062944,-4.6312957,325.8,0.3268431957019682,1,2
193,416,test_unit_generation_case_coverage_software_regression_metamorphic,-7.913136,13.804509,119.8,0.6317172328742844,1,7
194,403,library_digital_dl_science_research_scholarship_5_scientific,2.7862418,14.708529,79.3,0.5943344740718239,1,8
195,395,fairness_algorithmic_bias_unfairness_protect_decision_learn_principle,-8.142828,14.717039,119.0,0.6677597389954857,1,7
196,390,query_dependency_conjunctive_containment_implication_relational_bag_equivalence_datalog,-0.93689346,-0.29859847,197.7,0.0390394558689411,1,4
197,380,mhc_peptide_epitope_hla_binding_class_prediction_antigen,12.233707,10.314522,40.1,0.6352885689851316,1,5
198,371,cache_coherency_memory_snoop_bus_request_processor_directory_line_operation,16.137535,-0.48132986,358.3,0.6409681371000464,1,9
199,366,metabolomics_metabolite_mass_spectrometry_untargeted_lc_chromatography_metabolome,3.550887,14.788298,76.5,0.6038045264265386,1,8
200,365,food_recipe_dietary_eat_nutrition_intake_cooking,-2.874803,10.20158,105.7,0.420791570207725,1,1
201,362,adaptation_self_adaptive_system_software_autonomic_assurance_requirement_engineering_goal,-8.269985,13.891841,120.8,0.6418579391827329,1,7
202,362,gesture_hand_recognition_motion_gestural,-2.8922825,10.16901,105.9,0.4197364316203172,1,1
203,362,xefxbfxbd_xefxbfxbdxefxbfxbd_xecx88x98_xecx9ex88xebx8bxa4_xecx83x81xeaxb8xb0_xebxb0x8f_xefxbfxbdxefxbfxbdxefxbfxbd_プログラム_xe2x88x92_xefxbfxbdxefxbfxbdxefxbfxbdxefxbfxbd,10.332061,15.163587,55.7,0.7284815949907603,1,5
204,362,biochip_microfluidic_droplet_microfluidics_digital_meda_pin,-8.293111,13.895137,120.8,0.6424404393999693,1,7
205,360,iqa_quality_image_assessment_reference_distort_distortion_visual_metric,4.9463415,5.28299,46.9,0.2873250314857377,1,0
206,353,activity_recognition_sensor_wearable_har_human_smart_daily,-2.8697882,10.137959,105.8,0.4183067015666828,1,1
207,352,flame_combustion_fuel_combustor_detonation_premixed_air_burner_rocket,16.72464,1.7455971,6.0,0.6675989829841066,1,9
208,350,voronoi_diagram_triangulation_delaunay_point_plane_convex,1.4937091,-1.6829547,311.6,0.089337069242663,1,2
209,347,tensor_decomposition_rank_completion_tucker_sparse_matrix_norm,-8.493126,-5.6416903,213.6,0.4048024813275925,1,3
210,347,solar_irradiance_radiation_helioclim_irradiation_sky_heliosat_satellite_ground_meteosat,-2.605752,9.725244,105.0,0.3997252150337892,1,1
211,345,polyploidy_specie_tragopogon_angiosperm_phylogenetic_clade_floral_diploid_phylogeny,7.949,6.189819,37.9,0.3999817295493184,1,0
212,340,outlier_detection_outlying_lof_data_outlyingness_outlierness,-11.130169,-4.525754,202.1,0.4770174481666669,1,3
213,338,dog_plasma_kg_septic_rat_yohimbine_shock_pressure_adrenoceptors_blood,10.258064,15.0760145,55.8,0.7239543380214324,1,5
214,337,breast_chest_classification_slide_cancer_image_diagnosis_deep_mammogram_histopathology,8.949464,10.185012,48.7,0.5382837154433379,1,5
215,335,dialogue_conversational_chatbots_discourse,5.9171257,-4.030318,325.7,0.2842351766247941,1,2
216,333,pomdps_decision_markov_planning_policy_decentralize,7.6504,6.253219,39.3,0.3922842172871062,1,0
217,329,neutron_mev_gev_fission_nucleus_photoproduction_gsi_proton_isotope_energy,6.1242633,-7.263065,310.1,0.37718179181465,1,2
218,324,topology_microstructures_optimization_material_mold_structural_shape_design,7.051657,-4.828947,325.6,0.3393127606717649,1,2
219,324,imbalanced_class_minority_classification_oversampling_sample_smote_undersampling,-3.9662755,10.824695,110.1,0.457696299858594,1,1
220,318,vqa_answer_question_visual_attention_reason,-2.5759814,2.2075047,139.4,0.1346853507576106,1,4
221,313,ai_intelligence_artificial_research_intelligent,6.564773,24.153795,74.8,0.9937277071166036,1,8
222,306,anomaly_detection_anomalous_deep_graph,-11.156344,-4.5516257,202.2,0.4783673174653184,1,3
223,306,celiac_cd_disease_gluten_coeliac_patient_biopsy_villous_diet_duodenal,10.2548685,15.071611,55.8,0.7237384305443023,1,5
224,304,seminar_dagstuhl_abstract_schloss_ofn_collection_currentn_sectionn_presentation_ibfi,3.0744348,14.6290655,78.1,0.5934822082302167,1,8
225,301,nucleic_microfluidic_loc_probe_acid_hybridization_device_reagent_have_electrochemiluminescent,12.380584,-2.834668,347.1,0.5042459879194695,1,6
226,299,cloth_garment_clothing_yarn_clothes_try_woven_simulation_virtual,6.7705994,-4.599378,325.8,0.3249587964584001,1,2
227,298,steganography_steganalysis_hiding_steganographic_lsb_stego_secret_embed_hidden_cover,2.5082066,3.336788,53.1,0.1657279327727458,1,0
228,296,process_business_model_bpm_management_bpmn_abstraction,-7.696089,13.860568,119.0,0.6294212290447205,1,7
229,296,ecg_signal_arrhythmia_electrocardiogram_heart_beat_cardiac_cad_diagnosis,-2.3620563,10.173261,103.1,0.4146368169176584,1,1
230,294,iot_thing_internet_security_device_smart_challenge_home_technology_big,2.8501954,14.623393,79.0,0.5914943300216987,1,8
231,293,middleware_service_application_mobile_sensor_distribute_device_compute,-8.035715,13.956507,119.9,0.6393739979972817,1,7
232,292,spam_spammer_email_spamming_link_detection_web_filter,-10.494837,-1.973974,190.7,0.4239662456032556,1,3
233,291,pca_principal_component_robust_analysis_rpca_subspace_dimensionality_outlier,-8.379978,-5.5281143,213.4,0.3985677123191637,1,3
234,290,firm_productivity_growth_country_capital_employment_labour_economic_manufacturing,5.0853014,2.4146538,25.4,0.223497693842741,1,0
235,285,hash_function_tabulation_cuckoo_bin_ball_perfect_log,-5.557235,-0.19273265,182.0,0.2207628225222204,1,4
236,285,robotic_surgical_force_instrument_manipulator_surgery_minimally_forceps_tool,1.9635686,11.1013775,80.0,0.4475817849551306,1,8
237,283,locus_association_hdl_genetic_variant_associate_polymorphism_pai_diabetes_hypertension,10.245513,15.105675,55.9,0.7246483881232861,1,5
238,276,bgp_rout_route_interdomain_internet_as_prefix_border_protocol,-8.277962,13.718989,121.1,0.6361345053228015,1,7
239,275,interfacial_flow_bubbly_annular_void_liquid_phase_slug_regime_area,16.656713,1.6764245,5.7,0.6646361898418941,1,9
240,270,professor_award_university_memoriam_speaks_dr_collen_career_science_contribution,6.3901386,24.328197,75.3,0.9986271365301086,1,8
241,269,compressive_sense_reconstruction_signal_sparse_sample_sparsity_recovery,-4.4923368,10.426681,113.3,0.4507410995332365,1,1
242,265,federate_fl_learn_privacy_client_training_iid_device_edge_server,-7.5157785,7.772084,134.0,0.4292387727220723,1,1
243,264,factorization_matrix_sparse_gpu_gpus_multiplication_lu_qr_spmv_cholesky,11.694227,-6.0538707,332.6,0.5228005960178557,1,6
244,261,plasmodium_malaria_falciparum_parasite_sporozoite_berghei_vivax_protein,12.5479355,9.989943,38.5,0.636771388653463,1,5
245,260,zero_proof_knowledge_prover_verifier_round_np_nizk_concurrent,-5.611547,-0.14075239,181.4,0.2228565103345822,1,4
246,260,deception_fraud_detection_deceptive_fraudulent_medicare_deceit_cue_fraudsters,-11.197813,-4.592878,202.3,0.4805112198017471,1,3
247,260,bar_symbol_scan_reading_code_laser_scanner_supportable,11.82276,-2.504019,348.0,0.4797926670292429,1,6
248,258,trec_track_retrieval_overview_genomics_task_terrier_suggestion_run,-2.398206,2.0353484,139.7,0.1248799948609253,1,4
249,258,gait_recognition_walk_human_view_gei_fusion_biometric_biometrics_feature,-2.386231,10.14319,103.2,0.4136927125055344,1,1
250,258,stream_processing_query_distribute_load_operator_shed,-0.56460583,0.06361953,173.6,0.0225575121371161,1,4
251,254,str_locus_population_dna_forensic_pcr_repeat_tandem_allele_strs,3.546549,14.781069,76.5,0.6034852545382989,1,8
252,254,mapreduce_hadoop_parallel_database_query_processing_execution_parallelism,-0.61972874,0.010282299,179.0,0.0246075033952003,1,4
253,253,voting_voter_election_manipulation_winner_rule_preference,-4.8869796,-6.2089586,231.8,0.3137009340328844,1,3
254,253,touch_gesture_hand_finger_pen_interaction_input_point,2.2205997,11.358455,78.9,0.4594839165303915,1,8
255,251,nonnegative_nmf_factorization_matrix_cluster_rank_regularize,-8.437325,-5.585607,213.5,0.4017256203941531,1,3
256,251,fashion_clothing_outfit_compatibility_item_recommendation_style_attribute,-4.2400618,10.158285,112.7,0.4370203814804437,1,1
257,248,distillation_column_nitrogen_oxygen_pressure_cryogenic_gas_liquid_air_feed,11.770932,-2.5274265,347.9,0.4779740943792077,1,6
258,245,cloud_point_3d_segmentation_voxel_lidar_object_convolution_semantic,8.620662,10.215483,49.8,0.5306819101194054,1,5
259,241,pedestrian_detection_detector_caltech_occlude_occlusion_feature_citypersons,8.618439,10.171766,49.7,0.5292995973110577,1,5
260,240,transfer_learn_domain_task_target_source_label_knowledge,-4.148708,10.314223,111.9,0.4413738039819003,1,1
261,238,na_architecture_search_neural_differentiable_imagenet_fcos_space_dart,-4.5565104,9.832036,114.9,0.4302263520178663,1,1
262,238,building_aerial_reconstruction_roof_3d_urban_facade_laser_lidar,-6.5780344,3.2302444,153.8,0.2909467907586738,1,4
263,237,filter_fir_pipelined_digital_rls_iir_pipelining_cordic_qrd,-4.616465,10.535362,113.7,0.4566624097996275,1,1
264,234,caption_image_attention_sentence_lstm_visual_coco_language,-2.5320177,2.1664014,139.4,0.1322981789431921,1,4
265,232,texture_synthesis_surface_texturing_patch_shape_mapping_dynamic,6.7756443,-4.6023417,325.8,0.3251905920102818,1,2
266,232,motion_animation_character_realistic_spacetime_animator_animate,6.4984455,-4.3920355,325.9,0.3113963364932794,1,2
267,230,bioinformatics_biological_biology_database_integration_biologist_biokdd_tool_source,3.3712192,14.742209,77.1,0.6003951625808722,1,8
268,229,tree_decision_induction_prune_forest_c4_classification_regression,7.966521,6.0266023,37.1,0.3965880577293582,1,0
269,228,collision_detection_bound_deformable_cull_penetration_object_continuous_fast,1.4147912,-1.6038119,311.4,0.0849076757631842,1,2
270,225,pilot_flight_display_aviation_cockpit_aircraft_traffic_automation,-8.290172,13.649977,121.3,0.6340416840448508,1,7
271,225,transactional_tm_stm_memory_htm_hardware_lock_conflict,-6.6192966,-9.091193,233.9,0.4464687971653252,1,3
272,221,zsl_unseen_shot_zero_class_semantic_gzsl_learn_visual,-4.091243,9.8177395,112.6,0.4222677340825421,1,1
273,221,case_cbr_reason_adaptation_base_retrieval_introspective_knowledge_similarity,-8.215914,13.933775,120.5,0.6421960357719464,1,7
274,210,mining_data_knowledge_discovery_technique_book_machine_database_dm,3.0885007,14.668783,78.1,0.5951402334156012,1,8
275,209,automaton_machine_pushdown_counter_finite_turing_deterministic_reversal_nondeterministic,-0.96586597,-0.3266103,198.7,0.040479328672133,1,4
276,208,skyline_query_computation_point_uncertain_efficient_dominance_subspace,1.3808938,-12.313276,276.4,0.4919191940399129,1,2
277,204,display_tabletop_groupware_peripheral_collaboration_collaborative_public_interaction_share,2.1896114,11.326967,79.1,0.4580219932838734,1,8
278,204,government_citizen_service_public_ogd_egovernment_transformational_rulemaking,2.8193793,14.688828,79.1,0.593812585693679,1,8
279,200,hdr_tone_range_dynamic_ldr_image_mapping_high_mapped,4.9391522,5.2761183,46.9,0.2869308026153938,1,0
